,SR_Component,mean_stdev_difference
64,Thiamin,0.3339504590124677
71,"Tocotrienol, delta",0.33541019662496835
57,"Selenium, Se",0.3913060110339806
82,Vitamin D (D2 + D3),0.4005714641392049
81,Vitamin D,0.40157157526364784
79,Vitamin B-6,0.40491538481560185
78,Vitamin B-12,0.4324322934084902
69,"Tocotrienol, alpha",0.51913093966295
49,Pantothenic acid,2.0032522034857796
83,Vitamin D2 (ergocalciferol),3.89015802112869

