name,avg_stdev_diff
cake,5.068543807365706
chocolate,0.5522315549730171
pie,0.9062168892044166
