,SR_Component,mean_stdev_difference
59,"Sodium, Na",0.007679130950681703
61,Stigmasterol,0.022524703987915545
17,Cholesterol,0.026163243511257244
9,Ash,0.027517638939827446
67,"Tocopherol, delta",0.028862187084652123
38,Lactose,0.029952700635761793
87,Water,0.03353520584419204
73,Total lipid (fat),0.06143035652420832
44,Maltose,0.061477966735340464
23,Energy,0.06196025364585159
